video,label,source,path
aagfhgtpmv.mp4,fake,DFDC,data/raw\DFDC\fake\aagfhgtpmv.mp4
aapnvogymq.mp4,fake,DFDC,data/raw\DFDC\fake\aapnvogymq.mp4
abofeumbvv.mp4,fake,DFDC,data/raw\DFDC\fake\abofeumbvv.mp4
abqwwspghj.mp4,fake,DFDC,data/raw\DFDC\fake\abqwwspghj.mp4
acifjvzvpm.mp4,fake,DFDC,data/raw\DFDC\fake\acifjvzvpm.mp4
acqfdwsrhi.mp4,fake,DFDC,data/raw\DFDC\fake\acqfdwsrhi.mp4
acxnxvbsxk.mp4,fake,DFDC,data/raw\DFDC\fake\acxnxvbsxk.mp4
acxwigylke.mp4,fake,DFDC,data/raw\DFDC\fake\acxwigylke.mp4
aczrgyricp.mp4,fake,DFDC,data/raw\DFDC\fake\aczrgyricp.mp4
adhsbajydo.mp4,fake,DFDC,data/raw\DFDC\fake\adhsbajydo.mp4
adohikbdaz.mp4,fake,DFDC,data/raw\DFDC\fake\adohikbdaz.mp4
adylbeequz.mp4,fake,DFDC,data/raw\DFDC\fake\adylbeequz.mp4
aelzhcnwgf.mp4,fake,DFDC,data/raw\DFDC\fake\aelzhcnwgf.mp4
aettqgevhz.mp4,fake,DFDC,data/raw\DFDC\fake\aettqgevhz.mp4
aevrfsexku.mp4,fake,DFDC,data/raw\DFDC\fake\aevrfsexku.mp4
agdkmztvby.mp4,fake,DFDC,data/raw\DFDC\fake\agdkmztvby.mp4
agqphdxmwt.mp4,fake,DFDC,data/raw\DFDC\fake\agqphdxmwt.mp4
ahbweevwpv.mp4,fake,DFDC,data/raw\DFDC\fake\ahbweevwpv.mp4
ahdbuwqxit.mp4,fake,DFDC,data/raw\DFDC\fake\ahdbuwqxit.mp4
ahfazfbntc.mp4,fake,DFDC,data/raw\DFDC\fake\ahfazfbntc.mp4
aipfdnwpoo.mp4,fake,DFDC,data/raw\DFDC\fake\aipfdnwpoo.mp4
ajwpjhrbcv.mp4,fake,DFDC,data/raw\DFDC\fake\ajwpjhrbcv.mp4
aklqzsddfl.mp4,fake,DFDC,data/raw\DFDC\fake\aklqzsddfl.mp4
aknbdpmgua.mp4,fake,DFDC,data/raw\DFDC\fake\aknbdpmgua.mp4
aknmpoonls.mp4,fake,DFDC,data/raw\DFDC\fake\aknmpoonls.mp4
akvmwkdyuv.mp4,fake,DFDC,data/raw\DFDC\fake\akvmwkdyuv.mp4
akxoopqjqz.mp4,fake,DFDC,data/raw\DFDC\fake\akxoopqjqz.mp4
akzbnazxtz.mp4,fake,DFDC,data/raw\DFDC\fake\akzbnazxtz.mp4
aladcziidp.mp4,fake,DFDC,data/raw\DFDC\fake\aladcziidp.mp4
alaijyygdv.mp4,fake,DFDC,data/raw\DFDC\fake\alaijyygdv.mp4
alninxcyhg.mp4,fake,DFDC,data/raw\DFDC\fake\alninxcyhg.mp4
altziddtxi.mp4,fake,DFDC,data/raw\DFDC\fake\altziddtxi.mp4
alvgwypubw.mp4,fake,DFDC,data/raw\DFDC\fake\alvgwypubw.mp4
amaivqofda.mp4,fake,DFDC,data/raw\DFDC\fake\amaivqofda.mp4
amowujxmzc.mp4,fake,DFDC,data/raw\DFDC\fake\amowujxmzc.mp4
andaxzscny.mp4,fake,DFDC,data/raw\DFDC\fake\andaxzscny.mp4
aneclqfpbt.mp4,fake,DFDC,data/raw\DFDC\fake\aneclqfpbt.mp4
aorjvbyxhw.mp4,fake,DFDC,data/raw\DFDC\fake\aorjvbyxhw.mp4
apatcsqejh.mp4,fake,DFDC,data/raw\DFDC\fake\apatcsqejh.mp4
apgjqzkoma.mp4,fake,DFDC,data/raw\DFDC\fake\apgjqzkoma.mp4
apogckdfrz.mp4,fake,DFDC,data/raw\DFDC\fake\apogckdfrz.mp4
aqpnvjhuzw.mp4,fake,DFDC,data/raw\DFDC\fake\aqpnvjhuzw.mp4
arkroixhey.mp4,fake,DFDC,data/raw\DFDC\fake\arkroixhey.mp4
arlmiizoob.mp4,fake,DFDC,data/raw\DFDC\fake\arlmiizoob.mp4
arrhsnjqku.mp4,fake,DFDC,data/raw\DFDC\fake\arrhsnjqku.mp4
asdpeebotb.mp4,fake,DFDC,data/raw\DFDC\fake\asdpeebotb.mp4
aslsvlvpth.mp4,fake,DFDC,data/raw\DFDC\fake\aslsvlvpth.mp4
asmpfjfzif.mp4,fake,DFDC,data/raw\DFDC\fake\asmpfjfzif.mp4
asvcrfdpnq.mp4,fake,DFDC,data/raw\DFDC\fake\asvcrfdpnq.mp4
atxvxouljq.mp4,fake,DFDC,data/raw\DFDC\fake\atxvxouljq.mp4
atyntldecu.mp4,fake,DFDC,data/raw\DFDC\fake\atyntldecu.mp4
atzdznmder.mp4,fake,DFDC,data/raw\DFDC\fake\atzdznmder.mp4
aufmsmnoye.mp4,fake,DFDC,data/raw\DFDC\fake\aufmsmnoye.mp4
augtsuxpzc.mp4,fake,DFDC,data/raw\DFDC\fake\augtsuxpzc.mp4
avfitoutyn.mp4,fake,DFDC,data/raw\DFDC\fake\avfitoutyn.mp4
avgiuextiz.mp4,fake,DFDC,data/raw\DFDC\fake\avgiuextiz.mp4
avibnnhwhp.mp4,fake,DFDC,data/raw\DFDC\fake\avibnnhwhp.mp4
avnqydkqjj.mp4,fake,DFDC,data/raw\DFDC\fake\avnqydkqjj.mp4
avssvvsdhz.mp4,fake,DFDC,data/raw\DFDC\fake\avssvvsdhz.mp4
avtycwsgyb.mp4,fake,DFDC,data/raw\DFDC\fake\avtycwsgyb.mp4
avvdgsennp.mp4,fake,DFDC,data/raw\DFDC\fake\avvdgsennp.mp4
avywawptfc.mp4,fake,DFDC,data/raw\DFDC\fake\avywawptfc.mp4
awhmfnnjih.mp4,fake,DFDC,data/raw\DFDC\fake\awhmfnnjih.mp4
awnwkrqibf.mp4,fake,DFDC,data/raw\DFDC\fake\awnwkrqibf.mp4
awukslzjra.mp4,fake,DFDC,data/raw\DFDC\fake\awukslzjra.mp4
axczxisdtb.mp4,fake,DFDC,data/raw\DFDC\fake\axczxisdtb.mp4
axoygtekut.mp4,fake,DFDC,data/raw\DFDC\fake\axoygtekut.mp4
axwgcsyphv.mp4,fake,DFDC,data/raw\DFDC\fake\axwgcsyphv.mp4
axwovszumc.mp4,fake,DFDC,data/raw\DFDC\fake\axwovszumc.mp4
ayqvfdhslr.mp4,fake,DFDC,data/raw\DFDC\fake\ayqvfdhslr.mp4
azpuxunqyo.mp4,fake,DFDC,data/raw\DFDC\fake\azpuxunqyo.mp4
azsmewqghg.mp4,fake,DFDC,data/raw\DFDC\fake\azsmewqghg.mp4
bahdpoesir.mp4,fake,DFDC,data/raw\DFDC\fake\bahdpoesir.mp4
bbhpvrmbse.mp4,fake,DFDC,data/raw\DFDC\fake\bbhpvrmbse.mp4
bbhtdfuqxq.mp4,fake,DFDC,data/raw\DFDC\fake\bbhtdfuqxq.mp4
bbvgxeczei.mp4,fake,DFDC,data/raw\DFDC\fake\bbvgxeczei.mp4
bchnbulevv.mp4,fake,DFDC,data/raw\DFDC\fake\bchnbulevv.mp4
bctvsmddgq.mp4,fake,DFDC,data/raw\DFDC\fake\bctvsmddgq.mp4
bdbhekrrwo.mp4,fake,DFDC,data/raw\DFDC\fake\bdbhekrrwo.mp4
bdgipnyobr.mp4,fake,DFDC,data/raw\DFDC\fake\bdgipnyobr.mp4
bdxuhamuqx.mp4,fake,DFDC,data/raw\DFDC\fake\bdxuhamuqx.mp4
benmsfzfaz.mp4,fake,DFDC,data/raw\DFDC\fake\benmsfzfaz.mp4
bgaogsjehq.mp4,fake,DFDC,data/raw\DFDC\fake\bgaogsjehq.mp4
bggsurpgpr.mp4,fake,DFDC,data/raw\DFDC\fake\bggsurpgpr.mp4
bghphrsfxf.mp4,fake,DFDC,data/raw\DFDC\fake\bghphrsfxf.mp4
bgmlwsoamc.mp4,fake,DFDC,data/raw\DFDC\fake\bgmlwsoamc.mp4
bguwlyazau.mp4,fake,DFDC,data/raw\DFDC\fake\bguwlyazau.mp4
bhaaboftbc.mp4,fake,DFDC,data/raw\DFDC\fake\bhaaboftbc.mp4
bhbdugnurr.mp4,fake,DFDC,data/raw\DFDC\fake\bhbdugnurr.mp4
bhpwpydzpo.mp4,fake,DFDC,data/raw\DFDC\fake\bhpwpydzpo.mp4
bhsluedavd.mp4,fake,DFDC,data/raw\DFDC\fake\bhsluedavd.mp4
bjjbwsqjir.mp4,fake,DFDC,data/raw\DFDC\fake\bjjbwsqjir.mp4
bjkmjilrxp.mp4,fake,DFDC,data/raw\DFDC\fake\bjkmjilrxp.mp4
bjsmaqefoi.mp4,fake,DFDC,data/raw\DFDC\fake\bjsmaqefoi.mp4
bkmdzhfzfh.mp4,fake,DFDC,data/raw\DFDC\fake\bkmdzhfzfh.mp4
bkvetcojbt.mp4,fake,DFDC,data/raw\DFDC\fake\bkvetcojbt.mp4
bkwxhglwct.mp4,fake,DFDC,data/raw\DFDC\fake\bkwxhglwct.mp4
blpchvmhxx.mp4,fake,DFDC,data/raw\DFDC\fake\blpchvmhxx.mp4
blzydqdfem.mp4,fake,DFDC,data/raw\DFDC\fake\blzydqdfem.mp4
bmbbkwmxqj.mp4,fake,DFDC,data/raw\DFDC\fake\bmbbkwmxqj.mp4
bmehkyanbj.mp4,fake,DFDC,data/raw\DFDC\fake\bmehkyanbj.mp4
bmhvktyiwp.mp4,fake,DFDC,data/raw\DFDC\fake\bmhvktyiwp.mp4
bmioepcpsx.mp4,fake,DFDC,data/raw\DFDC\fake\bmioepcpsx.mp4
bmjmjmbglm.mp4,fake,DFDC,data/raw\DFDC\fake\bmjmjmbglm.mp4
bnbuonyoje.mp4,fake,DFDC,data/raw\DFDC\fake\bnbuonyoje.mp4
bndybcqhfr.mp4,fake,DFDC,data/raw\DFDC\fake\bndybcqhfr.mp4
bnjcdrfuov.mp4,fake,DFDC,data/raw\DFDC\fake\bnjcdrfuov.mp4
bntlodcfeg.mp4,fake,DFDC,data/raw\DFDC\fake\bntlodcfeg.mp4
bofqajtwve.mp4,fake,DFDC,data/raw\DFDC\fake\bofqajtwve.mp4
boovltmuwi.mp4,fake,DFDC,data/raw\DFDC\fake\boovltmuwi.mp4
bopqhhalml.mp4,fake,DFDC,data/raw\DFDC\fake\bopqhhalml.mp4
bourlmzsio.mp4,fake,DFDC,data/raw\DFDC\fake\bourlmzsio.mp4
bpwzipqtxf.mp4,fake,DFDC,data/raw\DFDC\fake\bpwzipqtxf.mp4
bpxckdzddv.mp4,fake,DFDC,data/raw\DFDC\fake\bpxckdzddv.mp4
bqdjzqhcft.mp4,fake,DFDC,data/raw\DFDC\fake\bqdjzqhcft.mp4
bqeiblbxtl.mp4,fake,DFDC,data/raw\DFDC\fake\bqeiblbxtl.mp4
bqhtpqmmqp.mp4,fake,DFDC,data/raw\DFDC\fake\bqhtpqmmqp.mp4
bqkdbcqjvb.mp4,fake,DFDC,data/raw\DFDC\fake\bqkdbcqjvb.mp4
bqnymlsayl.mp4,fake,DFDC,data/raw\DFDC\fake\bqnymlsayl.mp4
bqqpbzjgup.mp4,fake,DFDC,data/raw\DFDC\fake\bqqpbzjgup.mp4
bqtuuwzdtr.mp4,fake,DFDC,data/raw\DFDC\fake\bqtuuwzdtr.mp4
brhalypwoo.mp4,fake,DFDC,data/raw\DFDC\fake\brhalypwoo.mp4
brvqtabyxj.mp4,fake,DFDC,data/raw\DFDC\fake\brvqtabyxj.mp4
bseamdrpbj.mp4,fake,DFDC,data/raw\DFDC\fake\bseamdrpbj.mp4
bsfmwclnqy.mp4,fake,DFDC,data/raw\DFDC\fake\bsfmwclnqy.mp4
bsqgziaylx.mp4,fake,DFDC,data/raw\DFDC\fake\bsqgziaylx.mp4
btiysiskpf.mp4,fake,DFDC,data/raw\DFDC\fake\btiysiskpf.mp4
btjlfpzbdu.mp4,fake,DFDC,data/raw\DFDC\fake\btjlfpzbdu.mp4
btjwbtsgln.mp4,fake,DFDC,data/raw\DFDC\fake\btjwbtsgln.mp4
btmsngnqhv.mp4,fake,DFDC,data/raw\DFDC\fake\btmsngnqhv.mp4
btohlidmru.mp4,fake,DFDC,data/raw\DFDC\fake\btohlidmru.mp4
btugrnoton.mp4,fake,DFDC,data/raw\DFDC\fake\btugrnoton.mp4
btunxncpjh.mp4,fake,DFDC,data/raw\DFDC\fake\btunxncpjh.mp4
btxlttbpkj.mp4,fake,DFDC,data/raw\DFDC\fake\btxlttbpkj.mp4
bvgwelbeof.mp4,fake,DFDC,data/raw\DFDC\fake\bvgwelbeof.mp4
bvzjkezkms.mp4,fake,DFDC,data/raw\DFDC\fake\bvzjkezkms.mp4
bweezhfpzp.mp4,fake,DFDC,data/raw\DFDC\fake\bweezhfpzp.mp4
bwuwstvsbw.mp4,fake,DFDC,data/raw\DFDC\fake\bwuwstvsbw.mp4
bydaidkpdp.mp4,fake,DFDC,data/raw\DFDC\fake\bydaidkpdp.mp4
byfenovjnf.mp4,fake,DFDC,data/raw\DFDC\fake\byfenovjnf.mp4
byijojkdba.mp4,fake,DFDC,data/raw\DFDC\fake\byijojkdba.mp4
byofowlkki.mp4,fake,DFDC,data/raw\DFDC\fake\byofowlkki.mp4
byqzyxifza.mp4,fake,DFDC,data/raw\DFDC\fake\byqzyxifza.mp4
byunigvnay.mp4,fake,DFDC,data/raw\DFDC\fake\byunigvnay.mp4
byyqectxqa.mp4,fake,DFDC,data/raw\DFDC\fake\byyqectxqa.mp4
bzmdrafeex.mp4,fake,DFDC,data/raw\DFDC\fake\bzmdrafeex.mp4
caqbrkogkb.mp4,fake,DFDC,data/raw\DFDC\fake\caqbrkogkb.mp4
cbbibzcoih.mp4,fake,DFDC,data/raw\DFDC\fake\cbbibzcoih.mp4
cbltdtxglo.mp4,fake,DFDC,data/raw\DFDC\fake\cbltdtxglo.mp4
ccmonzqfrz.mp4,fake,DFDC,data/raw\DFDC\fake\ccmonzqfrz.mp4
cdaxixbosp.mp4,fake,DFDC,data/raw\DFDC\fake\cdaxixbosp.mp4
cdbsbdymzd.mp4,fake,DFDC,data/raw\DFDC\fake\cdbsbdymzd.mp4
cdphtzqrvp.mp4,fake,DFDC,data/raw\DFDC\fake\cdphtzqrvp.mp4
cdyakrxkia.mp4,fake,DFDC,data/raw\DFDC\fake\cdyakrxkia.mp4
cepxysienc.mp4,fake,DFDC,data/raw\DFDC\fake\cepxysienc.mp4
cettndmvzl.mp4,fake,DFDC,data/raw\DFDC\fake\cettndmvzl.mp4
ceymbecxnj.mp4,fake,DFDC,data/raw\DFDC\fake\ceymbecxnj.mp4
cferslmfwh.mp4,fake,DFDC,data/raw\DFDC\fake\cferslmfwh.mp4
cffffbcywc.mp4,fake,DFDC,data/raw\DFDC\fake\cffffbcywc.mp4
cfyduhpbps.mp4,fake,DFDC,data/raw\DFDC\fake\cfyduhpbps.mp4
cglxirfaey.mp4,fake,DFDC,data/raw\DFDC\fake\cglxirfaey.mp4
cgvrgibpfo.mp4,fake,DFDC,data/raw\DFDC\fake\cgvrgibpfo.mp4
chzieimrwu.mp4,fake,DFDC,data/raw\DFDC\fake\chzieimrwu.mp4
ckbdwedgmc.mp4,fake,DFDC,data/raw\DFDC\fake\ckbdwedgmc.mp4
cknyxaqouy.mp4,fake,DFDC,data/raw\DFDC\fake\cknyxaqouy.mp4
cksanfsjhc.mp4,fake,DFDC,data/raw\DFDC\fake\cksanfsjhc.mp4
clihsshdkq.mp4,fake,DFDC,data/raw\DFDC\fake\clihsshdkq.mp4
cmxcfkrjiv.mp4,fake,DFDC,data/raw\DFDC\fake\cmxcfkrjiv.mp4
cnilkgvfei.mp4,fake,DFDC,data/raw\DFDC\fake\cnilkgvfei.mp4
coadfnerlk.mp4,fake,DFDC,data/raw\DFDC\fake\coadfnerlk.mp4
covdcysmbi.mp4,fake,DFDC,data/raw\DFDC\fake\covdcysmbi.mp4
cqfugiqupm.mp4,fake,DFDC,data/raw\DFDC\fake\cqfugiqupm.mp4
cqhngvpgyi.mp4,fake,DFDC,data/raw\DFDC\fake\cqhngvpgyi.mp4
cqrskwiqng.mp4,fake,DFDC,data/raw\DFDC\fake\cqrskwiqng.mp4
crktehraph.mp4,fake,DFDC,data/raw\DFDC\fake\crktehraph.mp4
crzfebnfgb.mp4,fake,DFDC,data/raw\DFDC\fake\crzfebnfgb.mp4
cthdnahrkh.mp4,fake,DFDC,data/raw\DFDC\fake\cthdnahrkh.mp4
ctpqeykqdp.mp4,fake,DFDC,data/raw\DFDC\fake\ctpqeykqdp.mp4
cttqtsjvgn.mp4,fake,DFDC,data/raw\DFDC\fake\cttqtsjvgn.mp4
ctzmavwror.mp4,fake,DFDC,data/raw\DFDC\fake\ctzmavwror.mp4
curpwogllm.mp4,fake,DFDC,data/raw\DFDC\fake\curpwogllm.mp4
cuzrgrbvil.mp4,fake,DFDC,data/raw\DFDC\fake\cuzrgrbvil.mp4
cvaksbpssm.mp4,fake,DFDC,data/raw\DFDC\fake\cvaksbpssm.mp4
cwbacdwrzo.mp4,fake,DFDC,data/raw\DFDC\fake\cwbacdwrzo.mp4
cwqlvzefpg.mp4,fake,DFDC,data/raw\DFDC\fake\cwqlvzefpg.mp4
cwrtyzndpx.mp4,fake,DFDC,data/raw\DFDC\fake\cwrtyzndpx.mp4
cwsbspfzck.mp4,fake,DFDC,data/raw\DFDC\fake\cwsbspfzck.mp4
cwwandrkus.mp4,fake,DFDC,data/raw\DFDC\fake\cwwandrkus.mp4
cxfujlvsuw.mp4,fake,DFDC,data/raw\DFDC\fake\cxfujlvsuw.mp4
cxrfacemmq.mp4,fake,DFDC,data/raw\DFDC\fake\cxrfacemmq.mp4
cxttmymlbn.mp4,fake,DFDC,data/raw\DFDC\fake\cxttmymlbn.mp4
cyboodqqyr.mp4,fake,DFDC,data/raw\DFDC\fake\cyboodqqyr.mp4
cycacemkmt.mp4,fake,DFDC,data/raw\DFDC\fake\cycacemkmt.mp4
cyclgfjdrv.mp4,fake,DFDC,data/raw\DFDC\fake\cyclgfjdrv.mp4
czfunozvwp.mp4,fake,DFDC,data/raw\DFDC\fake\czfunozvwp.mp4
czkdanyadc.mp4,fake,DFDC,data/raw\DFDC\fake\czkdanyadc.mp4
czmqpxrqoh.mp4,fake,DFDC,data/raw\DFDC\fake\czmqpxrqoh.mp4
dafhtipaml.mp4,fake,DFDC,data/raw\DFDC\fake\dafhtipaml.mp4
dakqwktlbi.mp4,fake,DFDC,data/raw\DFDC\fake\dakqwktlbi.mp4
dbhoxkblzx.mp4,fake,DFDC,data/raw\DFDC\fake\dbhoxkblzx.mp4
dbhrpizyeq.mp4,fake,DFDC,data/raw\DFDC\fake\dbhrpizyeq.mp4
dboxtiehng.mp4,fake,DFDC,data/raw\DFDC\fake\dboxtiehng.mp4
dbzcqmxzaj.mp4,fake,DFDC,data/raw\DFDC\fake\dbzcqmxzaj.mp4
dbzpcjntve.mp4,fake,DFDC,data/raw\DFDC\fake\dbzpcjntve.mp4
dcamvmuors.mp4,fake,DFDC,data/raw\DFDC\fake\dcamvmuors.mp4
dcuiiorugd.mp4,fake,DFDC,data/raw\DFDC\fake\dcuiiorugd.mp4
ddhfabwpuz.mp4,fake,DFDC,data/raw\DFDC\fake\ddhfabwpuz.mp4
ddjggcasdw.mp4,fake,DFDC,data/raw\DFDC\fake\ddjggcasdw.mp4
ddpvuimigj.mp4,fake,DFDC,data/raw\DFDC\fake\ddpvuimigj.mp4
ddqccgmtka.mp4,fake,DFDC,data/raw\DFDC\fake\ddqccgmtka.mp4
degpbqvcay.mp4,fake,DFDC,data/raw\DFDC\fake\degpbqvcay.mp4
deywhkarol.mp4,fake,DFDC,data/raw\DFDC\fake\deywhkarol.mp4
deyyistcrd.mp4,fake,DFDC,data/raw\DFDC\fake\deyyistcrd.mp4
dfbpceeaox.mp4,fake,DFDC,data/raw\DFDC\fake\dfbpceeaox.mp4
dgmevclvzy.mp4,fake,DFDC,data/raw\DFDC\fake\dgmevclvzy.mp4
dgxrqjdomn.mp4,fake,DFDC,data/raw\DFDC\fake\dgxrqjdomn.mp4
dgzklxjmix.mp4,fake,DFDC,data/raw\DFDC\fake\dgzklxjmix.mp4
dhcselezer.mp4,fake,DFDC,data/raw\DFDC\fake\dhcselezer.mp4
dhevettufk.mp4,fake,DFDC,data/raw\DFDC\fake\dhevettufk.mp4
dhjmzhrcav.mp4,fake,DFDC,data/raw\DFDC\fake\dhjmzhrcav.mp4
dhkwmjxwrn.mp4,fake,DFDC,data/raw\DFDC\fake\dhkwmjxwrn.mp4
dhoqofwoxa.mp4,fake,DFDC,data/raw\DFDC\fake\dhoqofwoxa.mp4
diomeixhrg.mp4,fake,DFDC,data/raw\DFDC\fake\diomeixhrg.mp4
diopzaywor.mp4,fake,DFDC,data/raw\DFDC\fake\diopzaywor.mp4
diqraixiov.mp4,fake,DFDC,data/raw\DFDC\fake\diqraixiov.mp4
diuzrpqjli.mp4,fake,DFDC,data/raw\DFDC\fake\diuzrpqjli.mp4
djvtbgwdcc.mp4,fake,DFDC,data/raw\DFDC\fake\djvtbgwdcc.mp4
djvutyvaio.mp4,fake,DFDC,data/raw\DFDC\fake\djvutyvaio.mp4
dkdwxmtpuo.mp4,fake,DFDC,data/raw\DFDC\fake\dkdwxmtpuo.mp4
dkhlttuvmx.mp4,fake,DFDC,data/raw\DFDC\fake\dkhlttuvmx.mp4
dkrvorliqc.mp4,fake,DFDC,data/raw\DFDC\fake\dkrvorliqc.mp4
dkwjwbwgey.mp4,fake,DFDC,data/raw\DFDC\fake\dkwjwbwgey.mp4
dlrsbscitn.mp4,fake,DFDC,data/raw\DFDC\fake\dlrsbscitn.mp4
dnexlwbcxq.mp4,fake,DFDC,data/raw\DFDC\fake\dnexlwbcxq.mp4
dnhvalzvrt.mp4,fake,DFDC,data/raw\DFDC\fake\dnhvalzvrt.mp4
dntkzzzcdh.mp4,fake,DFDC,data/raw\DFDC\fake\dntkzzzcdh.mp4
dnyvfblxpm.mp4,fake,DFDC,data/raw\DFDC\fake\dnyvfblxpm.mp4
doanjploai.mp4,fake,DFDC,data/raw\DFDC\fake\doanjploai.mp4
dofusvhnib.mp4,fake,DFDC,data/raw\DFDC\fake\dofusvhnib.mp4
dozyddhild.mp4,fake,DFDC,data/raw\DFDC\fake\dozyddhild.mp4
dptbnjnkdg.mp4,fake,DFDC,data/raw\DFDC\fake\dptbnjnkdg.mp4
dptrzdvwpg.mp4,fake,DFDC,data/raw\DFDC\fake\dptrzdvwpg.mp4
dqnyszdong.mp4,fake,DFDC,data/raw\DFDC\fake\dqnyszdong.mp4
dqppxmoqdl.mp4,fake,DFDC,data/raw\DFDC\fake\dqppxmoqdl.mp4
dqqtjcryjv.mp4,fake,DFDC,data/raw\DFDC\fake\dqqtjcryjv.mp4
dqswpjoepo.mp4,fake,DFDC,data/raw\DFDC\fake\dqswpjoepo.mp4
dqzreruvje.mp4,fake,DFDC,data/raw\DFDC\fake\dqzreruvje.mp4
drgjzlxzxj.mp4,fake,DFDC,data/raw\DFDC\fake\drgjzlxzxj.mp4
drsakwyvqv.mp4,fake,DFDC,data/raw\DFDC\fake\drsakwyvqv.mp4
drtbksnpol.mp4,fake,DFDC,data/raw\DFDC\fake\drtbksnpol.mp4
dsdoseflas.mp4,fake,DFDC,data/raw\DFDC\fake\dsdoseflas.mp4
dsgpbgsrdm.mp4,fake,DFDC,data/raw\DFDC\fake\dsgpbgsrdm.mp4
dsndhujjjb.mp4,fake,DFDC,data/raw\DFDC\fake\dsndhujjjb.mp4
dtbpmdqvao.mp4,fake,DFDC,data/raw\DFDC\fake\dtbpmdqvao.mp4
dtocdfbwca.mp4,fake,DFDC,data/raw\DFDC\fake\dtocdfbwca.mp4
dubiroskqn.mp4,fake,DFDC,data/raw\DFDC\fake\dubiroskqn.mp4
dulanfulol.mp4,fake,DFDC,data/raw\DFDC\fake\dulanfulol.mp4
duvyaxbzvp.mp4,fake,DFDC,data/raw\DFDC\fake\duvyaxbzvp.mp4
duzuusuajr.mp4,fake,DFDC,data/raw\DFDC\fake\duzuusuajr.mp4
dvakowbgbt.mp4,fake,DFDC,data/raw\DFDC\fake\dvakowbgbt.mp4
dvumqqhoac.mp4,fake,DFDC,data/raw\DFDC\fake\dvumqqhoac.mp4
dwediigjit.mp4,fake,DFDC,data/raw\DFDC\fake\dwediigjit.mp4
dxuliowugt.mp4,fake,DFDC,data/raw\DFDC\fake\dxuliowugt.mp4
dxuplhwvig.mp4,fake,DFDC,data/raw\DFDC\fake\dxuplhwvig.mp4
dzieklokdr.mp4,fake,DFDC,data/raw\DFDC\fake\dzieklokdr.mp4
dzqwgqewhu.mp4,fake,DFDC,data/raw\DFDC\fake\dzqwgqewhu.mp4
dzvyfiarrq.mp4,fake,DFDC,data/raw\DFDC\fake\dzvyfiarrq.mp4
dzwkmcwkwl.mp4,fake,DFDC,data/raw\DFDC\fake\dzwkmcwkwl.mp4
eahlqmfvtj.mp4,fake,DFDC,data/raw\DFDC\fake\eahlqmfvtj.mp4
eajlrktemq.mp4,fake,DFDC,data/raw\DFDC\fake\eajlrktemq.mp4
ebchwmwayp.mp4,fake,DFDC,data/raw\DFDC\fake\ebchwmwayp.mp4
ebebgmtlcu.mp4,fake,DFDC,data/raw\DFDC\fake\ebebgmtlcu.mp4
ebeknhudxq.mp4,fake,DFDC,data/raw\DFDC\fake\ebeknhudxq.mp4
ebkzwjgjhq.mp4,fake,DFDC,data/raw\DFDC\fake\ebkzwjgjhq.mp4
ebywfrmhtd.mp4,fake,DFDC,data/raw\DFDC\fake\ebywfrmhtd.mp4
ecnihjlfyt.mp4,fake,DFDC,data/raw\DFDC\fake\ecnihjlfyt.mp4
ecuvtoltue.mp4,fake,DFDC,data/raw\DFDC\fake\ecuvtoltue.mp4
ecwaxgutkc.mp4,fake,DFDC,data/raw\DFDC\fake\ecwaxgutkc.mp4
eczrseixwq.mp4,fake,DFDC,data/raw\DFDC\fake\eczrseixwq.mp4
eebrkicpry.mp4,fake,DFDC,data/raw\DFDC\fake\eebrkicpry.mp4
eebserckhh.mp4,fake,DFDC,data/raw\DFDC\fake\eebserckhh.mp4
eejswgycjc.mp4,fake,DFDC,data/raw\DFDC\fake\eejswgycjc.mp4
eekozbeafq.mp4,fake,DFDC,data/raw\DFDC\fake\eekozbeafq.mp4
eepezmygaq.mp4,fake,DFDC,data/raw\DFDC\fake\eepezmygaq.mp4
eeyhxisdfh.mp4,fake,DFDC,data/raw\DFDC\fake\eeyhxisdfh.mp4
efdyrflcpg.mp4,fake,DFDC,data/raw\DFDC\fake\efdyrflcpg.mp4
egbbcxcuqy.mp4,fake,DFDC,data/raw\DFDC\fake\egbbcxcuqy.mp4
ehbnclaukr.mp4,fake,DFDC,data/raw\DFDC\fake\ehbnclaukr.mp4
ehdkmxgtxh.mp4,fake,DFDC,data/raw\DFDC\fake\ehdkmxgtxh.mp4
ehevsxtecd.mp4,fake,DFDC,data/raw\DFDC\fake\ehevsxtecd.mp4
ehfiekigla.mp4,fake,DFDC,data/raw\DFDC\fake\ehfiekigla.mp4
ehieahnhte.mp4,fake,DFDC,data/raw\DFDC\fake\ehieahnhte.mp4
eiriyukqqy.mp4,fake,DFDC,data/raw\DFDC\fake\eiriyukqqy.mp4
eivxffliio.mp4,fake,DFDC,data/raw\DFDC\fake\eivxffliio.mp4
eiwopxzjfn.mp4,fake,DFDC,data/raw\DFDC\fake\eiwopxzjfn.mp4
eixwxvxbbn.mp4,fake,DFDC,data/raw\DFDC\fake\eixwxvxbbn.mp4
ejkqesyvam.mp4,fake,DFDC,data/raw\DFDC\fake\ejkqesyvam.mp4
ekhacizpah.mp4,fake,DFDC,data/raw\DFDC\fake\ekhacizpah.mp4
ekkdjkirzq.mp4,fake,DFDC,data/raw\DFDC\fake\ekkdjkirzq.mp4
elginszwtk.mp4,fake,DFDC,data/raw\DFDC\fake\elginszwtk.mp4
elvvackpjh.mp4,fake,DFDC,data/raw\DFDC\fake\elvvackpjh.mp4
emaalmsonj.mp4,fake,DFDC,data/raw\DFDC\fake\emaalmsonj.mp4
emfbhytfhc.mp4,fake,DFDC,data/raw\DFDC\fake\emfbhytfhc.mp4
emgjphonqb.mp4,fake,DFDC,data/raw\DFDC\fake\emgjphonqb.mp4
ensyyivobf.mp4,fake,DFDC,data/raw\DFDC\fake\ensyyivobf.mp4
eoewqcpbgt.mp4,fake,DFDC,data/raw\DFDC\fake\eoewqcpbgt.mp4
eprybmbpba.mp4,fake,DFDC,data/raw\DFDC\fake\eprybmbpba.mp4
epymyyiblu.mp4,fake,DFDC,data/raw\DFDC\fake\epymyyiblu.mp4
eqjscdagiv.mp4,fake,DFDC,data/raw\DFDC\fake\eqjscdagiv.mp4
eqvuznuwsa.mp4,fake,DFDC,data/raw\DFDC\fake\eqvuznuwsa.mp4
erqgqacbqe.mp4,fake,DFDC,data/raw\DFDC\fake\erqgqacbqe.mp4
errocgcham.mp4,fake,DFDC,data/raw\DFDC\fake\errocgcham.mp4
esckbnkkvb.mp4,fake,DFDC,data/raw\DFDC\fake\esckbnkkvb.mp4
esgftaficx.mp4,fake,DFDC,data/raw\DFDC\fake\esgftaficx.mp4
esnntzzajv.mp4,fake,DFDC,data/raw\DFDC\fake\esnntzzajv.mp4
esxrvsgpvb.mp4,fake,DFDC,data/raw\DFDC\fake\esxrvsgpvb.mp4
esyhwdfnxs.mp4,fake,DFDC,data/raw\DFDC\fake\esyhwdfnxs.mp4
esyrimvzsa.mp4,fake,DFDC,data/raw\DFDC\fake\esyrimvzsa.mp4
etdcqxabww.mp4,fake,DFDC,data/raw\DFDC\fake\etdcqxabww.mp4
etejaapnxh.mp4,fake,DFDC,data/raw\DFDC\fake\etejaapnxh.mp4
etmcruaihe.mp4,fake,DFDC,data/raw\DFDC\fake\etmcruaihe.mp4
etohcvnzbj.mp4,fake,DFDC,data/raw\DFDC\fake\etohcvnzbj.mp4
eukvucdetx.mp4,fake,DFDC,data/raw\DFDC\fake\eukvucdetx.mp4
abarnvbtwb.mp4,real,DFDC,data/raw\DFDC\real\abarnvbtwb.mp4
aelfnikyqj.mp4,real,DFDC,data/raw\DFDC\real\aelfnikyqj.mp4
afoovlsmtx.mp4,real,DFDC,data/raw\DFDC\real\afoovlsmtx.mp4
agrmhtjdlk.mp4,real,DFDC,data/raw\DFDC\real\agrmhtjdlk.mp4
ahqqqilsxt.mp4,real,DFDC,data/raw\DFDC\real\ahqqqilsxt.mp4
ajqslcypsw.mp4,real,DFDC,data/raw\DFDC\real\ajqslcypsw.mp4
anpuvshzoo.mp4,real,DFDC,data/raw\DFDC\real\anpuvshzoo.mp4
asaxgevnnp.mp4,real,DFDC,data/raw\DFDC\real\asaxgevnnp.mp4
atkdltyyen.mp4,real,DFDC,data/raw\DFDC\real\atkdltyyen.mp4
atvmxvwyns.mp4,real,DFDC,data/raw\DFDC\real\atvmxvwyns.mp4
avmjormvsx.mp4,real,DFDC,data/raw\DFDC\real\avmjormvsx.mp4
axntxmycwd.mp4,real,DFDC,data/raw\DFDC\real\axntxmycwd.mp4
aybgughjxh.mp4,real,DFDC,data/raw\DFDC\real\aybgughjxh.mp4
aybumesmpk.mp4,real,DFDC,data/raw\DFDC\real\aybumesmpk.mp4
aytzyidmgs.mp4,real,DFDC,data/raw\DFDC\real\aytzyidmgs.mp4
bddjdhzfze.mp4,real,DFDC,data/raw\DFDC\real\bddjdhzfze.mp4
bdnaqemxmr.mp4,real,DFDC,data/raw\DFDC\real\bdnaqemxmr.mp4
beboztfcme.mp4,real,DFDC,data/raw\DFDC\real\beboztfcme.mp4
bejhvclboh.mp4,real,DFDC,data/raw\DFDC\real\bejhvclboh.mp4
beyebyhrph.mp4,real,DFDC,data/raw\DFDC\real\beyebyhrph.mp4
bffwsjxghk.mp4,real,DFDC,data/raw\DFDC\real\bffwsjxghk.mp4
bgvhtpzknn.mp4,real,DFDC,data/raw\DFDC\real\bgvhtpzknn.mp4
bgwmmujlmc.mp4,real,DFDC,data/raw\DFDC\real\bgwmmujlmc.mp4
bilnggbxgu.mp4,real,DFDC,data/raw\DFDC\real\bilnggbxgu.mp4
bmjzrlszhi.mp4,real,DFDC,data/raw\DFDC\real\bmjzrlszhi.mp4
bpapbctoao.mp4,real,DFDC,data/raw\DFDC\real\bpapbctoao.mp4
brwrlczjvi.mp4,real,DFDC,data/raw\DFDC\real\brwrlczjvi.mp4
bulkxhhknf.mp4,real,DFDC,data/raw\DFDC\real\bulkxhhknf.mp4
bwhlgysghg.mp4,real,DFDC,data/raw\DFDC\real\bwhlgysghg.mp4
bwipwzzxxu.mp4,real,DFDC,data/raw\DFDC\real\bwipwzzxxu.mp4
bxzakyopjf.mp4,real,DFDC,data/raw\DFDC\real\bxzakyopjf.mp4
bzythlfnhq.mp4,real,DFDC,data/raw\DFDC\real\bzythlfnhq.mp4
caifxvsozs.mp4,real,DFDC,data/raw\DFDC\real\caifxvsozs.mp4
ccfoszqabv.mp4,real,DFDC,data/raw\DFDC\real\ccfoszqabv.mp4
cfxkpiweqt.mp4,real,DFDC,data/raw\DFDC\real\cfxkpiweqt.mp4
chtapglbcj.mp4,real,DFDC,data/raw\DFDC\real\chtapglbcj.mp4
chviwxsfhg.mp4,real,DFDC,data/raw\DFDC\real\chviwxsfhg.mp4
ciyoudyhly.mp4,real,DFDC,data/raw\DFDC\real\ciyoudyhly.mp4
cizlkenljw.mp4,real,DFDC,data/raw\DFDC\real\cizlkenljw.mp4
ckjaibzfxa.mp4,real,DFDC,data/raw\DFDC\real\ckjaibzfxa.mp4
ckkuyewywx.mp4,real,DFDC,data/raw\DFDC\real\ckkuyewywx.mp4
clrycekyst.mp4,real,DFDC,data/raw\DFDC\real\clrycekyst.mp4
cmbzllswnl.mp4,real,DFDC,data/raw\DFDC\real\cmbzllswnl.mp4
cobjrlugvp.mp4,real,DFDC,data/raw\DFDC\real\cobjrlugvp.mp4
cpjxareypw.mp4,real,DFDC,data/raw\DFDC\real\cpjxareypw.mp4
cppdvdejkc.mp4,real,DFDC,data/raw\DFDC\real\cppdvdejkc.mp4
cprhtltsjp.mp4,real,DFDC,data/raw\DFDC\real\cprhtltsjp.mp4
crezycjqyk.mp4,real,DFDC,data/raw\DFDC\real\crezycjqyk.mp4
cyxlcuyznd.mp4,real,DFDC,data/raw\DFDC\real\cyxlcuyznd.mp4
dakiztgtnw.mp4,real,DFDC,data/raw\DFDC\real\dakiztgtnw.mp4
dbnygxtwek.mp4,real,DFDC,data/raw\DFDC\real\dbnygxtwek.mp4
dbtbbhakdv.mp4,real,DFDC,data/raw\DFDC\real\dbtbbhakdv.mp4
ddepeddixj.mp4,real,DFDC,data/raw\DFDC\real\ddepeddixj.mp4
dhcndnuwta.mp4,real,DFDC,data/raw\DFDC\real\dhcndnuwta.mp4
dhxctgyoqj.mp4,real,DFDC,data/raw\DFDC\real\dhxctgyoqj.mp4
djxdyjopjd.mp4,real,DFDC,data/raw\DFDC\real\djxdyjopjd.mp4
dkuayagnmc.mp4,real,DFDC,data/raw\DFDC\real\dkuayagnmc.mp4
dkzvdrzcnr.mp4,real,DFDC,data/raw\DFDC\real\dkzvdrzcnr.mp4
dlpoieqvfb.mp4,real,DFDC,data/raw\DFDC\real\dlpoieqvfb.mp4
drcyabprvt.mp4,real,DFDC,data/raw\DFDC\real\drcyabprvt.mp4
dsjbknkujw.mp4,real,DFDC,data/raw\DFDC\real\dsjbknkujw.mp4
duycddgtrl.mp4,real,DFDC,data/raw\DFDC\real\duycddgtrl.mp4
dxbqjxrhin.mp4,real,DFDC,data/raw\DFDC\real\dxbqjxrhin.mp4
dzyuwjkjui.mp4,real,DFDC,data/raw\DFDC\real\dzyuwjkjui.mp4
eckvhdusax.mp4,real,DFDC,data/raw\DFDC\real\eckvhdusax.mp4
ecujsjhscd.mp4,real,DFDC,data/raw\DFDC\real\ecujsjhscd.mp4
edyncaijwx.mp4,real,DFDC,data/raw\DFDC\real\edyncaijwx.mp4
efwfxwwlbw.mp4,real,DFDC,data/raw\DFDC\real\efwfxwwlbw.mp4
eggbjzxnmg.mp4,real,DFDC,data/raw\DFDC\real\eggbjzxnmg.mp4
egghxjjmfg.mp4,real,DFDC,data/raw\DFDC\real\egghxjjmfg.mp4
ehccixxzoe.mp4,real,DFDC,data/raw\DFDC\real\ehccixxzoe.mp4
ehtdtkmmli.mp4,real,DFDC,data/raw\DFDC\real\ehtdtkmmli.mp4
ekcrtigpab.mp4,real,DFDC,data/raw\DFDC\real\ekcrtigpab.mp4
ellavthztb.mp4,real,DFDC,data/raw\DFDC\real\ellavthztb.mp4
eqnoqyfquo.mp4,real,DFDC,data/raw\DFDC\real\eqnoqyfquo.mp4
erlvuvjsjf.mp4,real,DFDC,data/raw\DFDC\real\erlvuvjsjf.mp4
eudeqjhdfd.mp4,real,DFDC,data/raw\DFDC\real\eudeqjhdfd.mp4
aassnaulhq.mp4,real,DFDC,data/raw\DFDC\test_videos\aassnaulhq.mp4
aayfryxljh.mp4,real,DFDC,data/raw\DFDC\test_videos\aayfryxljh.mp4
acazlolrpz.mp4,real,DFDC,data/raw\DFDC\test_videos\acazlolrpz.mp4
adohdulfwb.mp4,real,DFDC,data/raw\DFDC\test_videos\adohdulfwb.mp4
ahjnxtiamx.mp4,real,DFDC,data/raw\DFDC\test_videos\ahjnxtiamx.mp4
ajiyrjfyzp.mp4,real,DFDC,data/raw\DFDC\test_videos\ajiyrjfyzp.mp4
aktnlyqpah.mp4,real,DFDC,data/raw\DFDC\test_videos\aktnlyqpah.mp4
alrtntfxtd.mp4,real,DFDC,data/raw\DFDC\test_videos\alrtntfxtd.mp4
aomqqjipcp.mp4,real,DFDC,data/raw\DFDC\test_videos\aomqqjipcp.mp4
apedduehoy.mp4,real,DFDC,data/raw\DFDC\test_videos\apedduehoy.mp4
apvzjkvnwn.mp4,real,DFDC,data/raw\DFDC\test_videos\apvzjkvnwn.mp4
aqrsylrzgi.mp4,real,DFDC,data/raw\DFDC\test_videos\aqrsylrzgi.mp4
axfhbpkdlc.mp4,real,DFDC,data/raw\DFDC\test_videos\axfhbpkdlc.mp4
ayipraspbn.mp4,real,DFDC,data/raw\DFDC\test_videos\ayipraspbn.mp4
bcbqxhziqz.mp4,real,DFDC,data/raw\DFDC\test_videos\bcbqxhziqz.mp4
bcvheslzrq.mp4,real,DFDC,data/raw\DFDC\test_videos\bcvheslzrq.mp4
bdshuoldwx.mp4,real,DFDC,data/raw\DFDC\test_videos\bdshuoldwx.mp4
bfdopzvxbi.mp4,real,DFDC,data/raw\DFDC\test_videos\bfdopzvxbi.mp4
bfjsthfhbd.mp4,real,DFDC,data/raw\DFDC\test_videos\bfjsthfhbd.mp4
bjyaxvggle.mp4,real,DFDC,data/raw\DFDC\test_videos\bjyaxvggle.mp4
bkcyglmfci.mp4,real,DFDC,data/raw\DFDC\test_videos\bkcyglmfci.mp4
bktkwbcawi.mp4,real,DFDC,data/raw\DFDC\test_videos\bktkwbcawi.mp4
bkuzquigyt.mp4,real,DFDC,data/raw\DFDC\test_videos\bkuzquigyt.mp4
blnmxntbey.mp4,real,DFDC,data/raw\DFDC\test_videos\blnmxntbey.mp4
blszgmxkvu.mp4,real,DFDC,data/raw\DFDC\test_videos\blszgmxkvu.mp4
bnuwxhfahw.mp4,real,DFDC,data/raw\DFDC\test_videos\bnuwxhfahw.mp4
bofrwgeyjo.mp4,real,DFDC,data/raw\DFDC\test_videos\bofrwgeyjo.mp4
btdxnajogv.mp4,real,DFDC,data/raw\DFDC\test_videos\btdxnajogv.mp4
bvpeerislp.mp4,real,DFDC,data/raw\DFDC\test_videos\bvpeerislp.mp4
bwdmzwhdnw.mp4,real,DFDC,data/raw\DFDC\test_videos\bwdmzwhdnw.mp4
bzvzpwrabw.mp4,real,DFDC,data/raw\DFDC\test_videos\bzvzpwrabw.mp4
cekarydqba.mp4,real,DFDC,data/raw\DFDC\test_videos\cekarydqba.mp4
cekwtyxdoo.mp4,real,DFDC,data/raw\DFDC\test_videos\cekwtyxdoo.mp4
cjkctqqakb.mp4,real,DFDC,data/raw\DFDC\test_videos\cjkctqqakb.mp4
cnpanmywno.mp4,real,DFDC,data/raw\DFDC\test_videos\cnpanmywno.mp4
cnxccbjlct.mp4,real,DFDC,data/raw\DFDC\test_videos\cnxccbjlct.mp4
coqwgzpbhx.mp4,real,DFDC,data/raw\DFDC\test_videos\coqwgzpbhx.mp4
cosghhimnd.mp4,real,DFDC,data/raw\DFDC\test_videos\cosghhimnd.mp4
coujjnypba.mp4,real,DFDC,data/raw\DFDC\test_videos\coujjnypba.mp4
cqhwesrciw.mp4,real,DFDC,data/raw\DFDC\test_videos\cqhwesrciw.mp4
cqxxumarvp.mp4,real,DFDC,data/raw\DFDC\test_videos\cqxxumarvp.mp4
csnkohqxdv.mp4,real,DFDC,data/raw\DFDC\test_videos\csnkohqxdv.mp4
cxsvvnxpyz.mp4,real,DFDC,data/raw\DFDC\test_videos\cxsvvnxpyz.mp4
czfqlbcfpa.mp4,real,DFDC,data/raw\DFDC\test_videos\czfqlbcfpa.mp4
dcqodpzomd.mp4,real,DFDC,data/raw\DFDC\test_videos\dcqodpzomd.mp4
ddtbarpcgo.mp4,real,DFDC,data/raw\DFDC\test_videos\ddtbarpcgo.mp4
demuhxssgl.mp4,real,DFDC,data/raw\DFDC\test_videos\demuhxssgl.mp4
didzujjhtg.mp4,real,DFDC,data/raw\DFDC\test_videos\didzujjhtg.mp4
dkuqbduxev.mp4,real,DFDC,data/raw\DFDC\test_videos\dkuqbduxev.mp4
dmmvuaikkv.mp4,real,DFDC,data/raw\DFDC\test_videos\dmmvuaikkv.mp4
dnmowthjcj.mp4,real,DFDC,data/raw\DFDC\test_videos\dnmowthjcj.mp4
doniqevxeg.mp4,real,DFDC,data/raw\DFDC\test_videos\doniqevxeg.mp4
dozjwhnedd.mp4,real,DFDC,data/raw\DFDC\test_videos\dozjwhnedd.mp4
dpevefkefv.mp4,real,DFDC,data/raw\DFDC\test_videos\dpevefkefv.mp4
dpmgoiwhuf.mp4,real,DFDC,data/raw\DFDC\test_videos\dpmgoiwhuf.mp4
dsnxgrfdmd.mp4,real,DFDC,data/raw\DFDC\test_videos\dsnxgrfdmd.mp4
dtozwcapoa.mp4,real,DFDC,data/raw\DFDC\test_videos\dtozwcapoa.mp4
dvkdfhrpph.mp4,real,DFDC,data/raw\DFDC\test_videos\dvkdfhrpph.mp4
dvtpwatuja.mp4,real,DFDC,data/raw\DFDC\test_videos\dvtpwatuja.mp4
dvwpvqdflx.mp4,real,DFDC,data/raw\DFDC\test_videos\dvwpvqdflx.mp4
dxfdovivlw.mp4,real,DFDC,data/raw\DFDC\test_videos\dxfdovivlw.mp4
dxgnpnowgk.mp4,real,DFDC,data/raw\DFDC\test_videos\dxgnpnowgk.mp4
dyjklprkoc.mp4,real,DFDC,data/raw\DFDC\test_videos\dyjklprkoc.mp4
dzkyxbbqkr.mp4,real,DFDC,data/raw\DFDC\test_videos\dzkyxbbqkr.mp4
dzojiwfvba.mp4,real,DFDC,data/raw\DFDC\test_videos\dzojiwfvba.mp4
ecumyiowzs.mp4,real,DFDC,data/raw\DFDC\test_videos\ecumyiowzs.mp4
eisofhptvk.mp4,real,DFDC,data/raw\DFDC\test_videos\eisofhptvk.mp4
ekboxwrwuv.mp4,real,DFDC,data/raw\DFDC\test_videos\ekboxwrwuv.mp4
ekelfsnqof.mp4,real,DFDC,data/raw\DFDC\test_videos\ekelfsnqof.mp4
ekvwecwltj.mp4,real,DFDC,data/raw\DFDC\test_videos\ekvwecwltj.mp4
elackxuccp.mp4,real,DFDC,data/raw\DFDC\test_videos\elackxuccp.mp4
eppyqpgewp.mp4,real,DFDC,data/raw\DFDC\test_videos\eppyqpgewp.mp4
eqslzbqfea.mp4,real,DFDC,data/raw\DFDC\test_videos\eqslzbqfea.mp4
eryjktdexi.mp4,real,DFDC,data/raw\DFDC\test_videos\eryjktdexi.mp4
esjdyghhog.mp4,real,DFDC,data/raw\DFDC\test_videos\esjdyghhog.mp4
esmqxszybs.mp4,real,DFDC,data/raw\DFDC\test_videos\esmqxszybs.mp4
espkiocpxq.mp4,real,DFDC,data/raw\DFDC\test_videos\espkiocpxq.mp4
etdliwticv.mp4,real,DFDC,data/raw\DFDC\test_videos\etdliwticv.mp4
evysmtpnrf.mp4,real,DFDC,data/raw\DFDC\test_videos\evysmtpnrf.mp4
eyguqfmgzh.mp4,real,DFDC,data/raw\DFDC\test_videos\eyguqfmgzh.mp4
eywdmustbb.mp4,real,DFDC,data/raw\DFDC\test_videos\eywdmustbb.mp4
famlupsgqm.mp4,real,DFDC,data/raw\DFDC\test_videos\famlupsgqm.mp4
fddmkqjwsh.mp4,real,DFDC,data/raw\DFDC\test_videos\fddmkqjwsh.mp4
fjrueenjyp.mp4,real,DFDC,data/raw\DFDC\test_videos\fjrueenjyp.mp4
fjxovgmwnm.mp4,real,DFDC,data/raw\DFDC\test_videos\fjxovgmwnm.mp4
fmhiujydwo.mp4,real,DFDC,data/raw\DFDC\test_videos\fmhiujydwo.mp4
fmvvmcbdrw.mp4,real,DFDC,data/raw\DFDC\test_videos\fmvvmcbdrw.mp4
fneqiqpqvs.mp4,real,DFDC,data/raw\DFDC\test_videos\fneqiqpqvs.mp4
fnxgqcvlsd.mp4,real,DFDC,data/raw\DFDC\test_videos\fnxgqcvlsd.mp4
fopjiyxiqd.mp4,real,DFDC,data/raw\DFDC\test_videos\fopjiyxiqd.mp4
fpevfidstw.mp4,real,DFDC,data/raw\DFDC\test_videos\fpevfidstw.mp4
fqgypsunzr.mp4,real,DFDC,data/raw\DFDC\test_videos\fqgypsunzr.mp4
frqfsucgao.mp4,real,DFDC,data/raw\DFDC\test_videos\frqfsucgao.mp4
fsdrwikhge.mp4,real,DFDC,data/raw\DFDC\test_videos\fsdrwikhge.mp4
fwykevubzy.mp4,real,DFDC,data/raw\DFDC\test_videos\fwykevubzy.mp4
fxuxxtryjn.mp4,real,DFDC,data/raw\DFDC\test_videos\fxuxxtryjn.mp4
fzvpbrzssi.mp4,real,DFDC,data/raw\DFDC\test_videos\fzvpbrzssi.mp4
gahgyuwzbu.mp4,real,DFDC,data/raw\DFDC\test_videos\gahgyuwzbu.mp4
gbnzicjyhz.mp4,real,DFDC,data/raw\DFDC\test_videos\gbnzicjyhz.mp4
gccnvdoknm.mp4,real,DFDC,data/raw\DFDC\test_videos\gccnvdoknm.mp4
gcdtglsoqj.mp4,real,DFDC,data/raw\DFDC\test_videos\gcdtglsoqj.mp4
gfcycflhbo.mp4,real,DFDC,data/raw\DFDC\test_videos\gfcycflhbo.mp4
gfdjzwnpyp.mp4,real,DFDC,data/raw\DFDC\test_videos\gfdjzwnpyp.mp4
gfgcwxkbjd.mp4,real,DFDC,data/raw\DFDC\test_videos\gfgcwxkbjd.mp4
ggdpclfcgk.mp4,real,DFDC,data/raw\DFDC\test_videos\ggdpclfcgk.mp4
ggzjfrirjh.mp4,real,DFDC,data/raw\DFDC\test_videos\ggzjfrirjh.mp4
ghnpsltzyn.mp4,real,DFDC,data/raw\DFDC\test_videos\ghnpsltzyn.mp4
gkutjglghz.mp4,real,DFDC,data/raw\DFDC\test_videos\gkutjglghz.mp4
gochxzemmq.mp4,real,DFDC,data/raw\DFDC\test_videos\gochxzemmq.mp4
gpsxfxrjrr.mp4,real,DFDC,data/raw\DFDC\test_videos\gpsxfxrjrr.mp4
gqnaxievjx.mp4,real,DFDC,data/raw\DFDC\test_videos\gqnaxievjx.mp4
gunamloolc.mp4,real,DFDC,data/raw\DFDC\test_videos\gunamloolc.mp4
halvwiltfs.mp4,real,DFDC,data/raw\DFDC\test_videos\halvwiltfs.mp4
hbufmvbium.mp4,real,DFDC,data/raw\DFDC\test_videos\hbufmvbium.mp4
hcanfkwivl.mp4,real,DFDC,data/raw\DFDC\test_videos\hcanfkwivl.mp4
hclsparpth.mp4,real,DFDC,data/raw\DFDC\test_videos\hclsparpth.mp4
hefisnapds.mp4,real,DFDC,data/raw\DFDC\test_videos\hefisnapds.mp4
heiyoojifp.mp4,real,DFDC,data/raw\DFDC\test_videos\heiyoojifp.mp4
hevcclcklc.mp4,real,DFDC,data/raw\DFDC\test_videos\hevcclcklc.mp4
hfsvqabzfq.mp4,real,DFDC,data/raw\DFDC\test_videos\hfsvqabzfq.mp4
hicjuubiau.mp4,real,DFDC,data/raw\DFDC\test_videos\hicjuubiau.mp4
hierggamuo.mp4,real,DFDC,data/raw\DFDC\test_videos\hierggamuo.mp4
hitfycdavv.mp4,real,DFDC,data/raw\DFDC\test_videos\hitfycdavv.mp4
hnfwagcxdf.mp4,real,DFDC,data/raw\DFDC\test_videos\hnfwagcxdf.mp4
honxqdilvv.mp4,real,DFDC,data/raw\DFDC\test_videos\honxqdilvv.mp4
hqzwudvhih.mp4,real,DFDC,data/raw\DFDC\test_videos\hqzwudvhih.mp4
hsbljbsgxr.mp4,real,DFDC,data/raw\DFDC\test_videos\hsbljbsgxr.mp4
hsbwhlolsn.mp4,real,DFDC,data/raw\DFDC\test_videos\hsbwhlolsn.mp4
hszwwswewp.mp4,real,DFDC,data/raw\DFDC\test_videos\hszwwswewp.mp4
htzbnroagi.mp4,real,DFDC,data/raw\DFDC\test_videos\htzbnroagi.mp4
huvlwkxoxm.mp4,real,DFDC,data/raw\DFDC\test_videos\huvlwkxoxm.mp4
hweshqpfwe.mp4,real,DFDC,data/raw\DFDC\test_videos\hweshqpfwe.mp4
hxwtsaydal.mp4,real,DFDC,data/raw\DFDC\test_videos\hxwtsaydal.mp4
hyjqolupxn.mp4,real,DFDC,data/raw\DFDC\test_videos\hyjqolupxn.mp4
hzoiotcykp.mp4,real,DFDC,data/raw\DFDC\test_videos\hzoiotcykp.mp4
hzssdinxec.mp4,real,DFDC,data/raw\DFDC\test_videos\hzssdinxec.mp4
ibxfxggtqh.mp4,real,DFDC,data/raw\DFDC\test_videos\ibxfxggtqh.mp4
icbsahlivv.mp4,real,DFDC,data/raw\DFDC\test_videos\icbsahlivv.mp4
igpvrfjdzc.mp4,real,DFDC,data/raw\DFDC\test_videos\igpvrfjdzc.mp4
ihglzxzroo.mp4,real,DFDC,data/raw\DFDC\test_videos\ihglzxzroo.mp4
iksxzpqxzi.mp4,real,DFDC,data/raw\DFDC\test_videos\iksxzpqxzi.mp4
ilqwcbprqa.mp4,real,DFDC,data/raw\DFDC\test_videos\ilqwcbprqa.mp4
imdmhwkkni.mp4,real,DFDC,data/raw\DFDC\test_videos\imdmhwkkni.mp4
iorbtaarte.mp4,real,DFDC,data/raw\DFDC\test_videos\iorbtaarte.mp4
ipkpxvwroe.mp4,real,DFDC,data/raw\DFDC\test_videos\ipkpxvwroe.mp4
ipvwtgdlre.mp4,real,DFDC,data/raw\DFDC\test_videos\ipvwtgdlre.mp4
irqzdokcws.mp4,real,DFDC,data/raw\DFDC\test_videos\irqzdokcws.mp4
itfsvvmslp.mp4,real,DFDC,data/raw\DFDC\test_videos\itfsvvmslp.mp4
iznnzjvaxc.mp4,real,DFDC,data/raw\DFDC\test_videos\iznnzjvaxc.mp4
jawgcggquk.mp4,real,DFDC,data/raw\DFDC\test_videos\jawgcggquk.mp4
jhczqfefgw.mp4,real,DFDC,data/raw\DFDC\test_videos\jhczqfefgw.mp4
jiavqbrkyk.mp4,real,DFDC,data/raw\DFDC\test_videos\jiavqbrkyk.mp4
jiswxuqzyz.mp4,real,DFDC,data/raw\DFDC\test_videos\jiswxuqzyz.mp4
jquevmhdvc.mp4,real,DFDC,data/raw\DFDC\test_videos\jquevmhdvc.mp4
jsbpkpxwew.mp4,real,DFDC,data/raw\DFDC\test_videos\jsbpkpxwew.mp4
jsysgmycsx.mp4,real,DFDC,data/raw\DFDC\test_videos\jsysgmycsx.mp4
jyfvaequfg.mp4,real,DFDC,data/raw\DFDC\test_videos\jyfvaequfg.mp4
jyoxdvxpza.mp4,real,DFDC,data/raw\DFDC\test_videos\jyoxdvxpza.mp4
jytrvwlewz.mp4,real,DFDC,data/raw\DFDC\test_videos\jytrvwlewz.mp4
jzmzdispyo.mp4,real,DFDC,data/raw\DFDC\test_videos\jzmzdispyo.mp4
kcjvhgvhpt.mp4,real,DFDC,data/raw\DFDC\test_videos\kcjvhgvhpt.mp4
keioymnobc.mp4,real,DFDC,data/raw\DFDC\test_videos\keioymnobc.mp4
kezwvsxxzj.mp4,real,DFDC,data/raw\DFDC\test_videos\kezwvsxxzj.mp4
khpipxnsvx.mp4,real,DFDC,data/raw\DFDC\test_videos\khpipxnsvx.mp4
kmcdjxmnoa.mp4,real,DFDC,data/raw\DFDC\test_videos\kmcdjxmnoa.mp4
kmqkiihrmj.mp4,real,DFDC,data/raw\DFDC\test_videos\kmqkiihrmj.mp4
knxltsvzyu.mp4,real,DFDC,data/raw\DFDC\test_videos\knxltsvzyu.mp4
kowiwvrjht.mp4,real,DFDC,data/raw\DFDC\test_videos\kowiwvrjht.mp4
kqlvggiqee.mp4,real,DFDC,data/raw\DFDC\test_videos\kqlvggiqee.mp4
kvmpmhdxly.mp4,real,DFDC,data/raw\DFDC\test_videos\kvmpmhdxly.mp4
kwfdyqofzw.mp4,real,DFDC,data/raw\DFDC\test_videos\kwfdyqofzw.mp4
lbfqksftuo.mp4,real,DFDC,data/raw\DFDC\test_videos\lbfqksftuo.mp4
lbigytrrtr.mp4,real,DFDC,data/raw\DFDC\test_videos\lbigytrrtr.mp4
lebzjtusnr.mp4,real,DFDC,data/raw\DFDC\test_videos\lebzjtusnr.mp4
lhvjzhjxdp.mp4,real,DFDC,data/raw\DFDC\test_videos\lhvjzhjxdp.mp4
ljauauuyka.mp4,real,DFDC,data/raw\DFDC\test_videos\ljauauuyka.mp4
ljouzjaqqe.mp4,real,DFDC,data/raw\DFDC\test_videos\ljouzjaqqe.mp4
llplvmcvbl.mp4,real,DFDC,data/raw\DFDC\test_videos\llplvmcvbl.mp4
lmdyicksrv.mp4,real,DFDC,data/raw\DFDC\test_videos\lmdyicksrv.mp4
lnhkjhyhvw.mp4,real,DFDC,data/raw\DFDC\test_videos\lnhkjhyhvw.mp4
lnjkpdviqb.mp4,real,DFDC,data/raw\DFDC\test_videos\lnjkpdviqb.mp4
lpgxwdgnio.mp4,real,DFDC,data/raw\DFDC\test_videos\lpgxwdgnio.mp4
lpkgabskbw.mp4,real,DFDC,data/raw\DFDC\test_videos\lpkgabskbw.mp4
lujvyveojc.mp4,real,DFDC,data/raw\DFDC\test_videos\lujvyveojc.mp4
lyoslorecs.mp4,real,DFDC,data/raw\DFDC\test_videos\lyoslorecs.mp4
mdfndlljvt.mp4,real,DFDC,data/raw\DFDC\test_videos\mdfndlljvt.mp4
mkmgcxaztt.mp4,real,DFDC,data/raw\DFDC\test_videos\mkmgcxaztt.mp4
mkzaekkvej.mp4,real,DFDC,data/raw\DFDC\test_videos\mkzaekkvej.mp4
mllzkpgatp.mp4,real,DFDC,data/raw\DFDC\test_videos\mllzkpgatp.mp4
mnowxangqx.mp4,real,DFDC,data/raw\DFDC\test_videos\mnowxangqx.mp4
mnzabbkpmt.mp4,real,DFDC,data/raw\DFDC\test_videos\mnzabbkpmt.mp4
mohiqoogpb.mp4,real,DFDC,data/raw\DFDC\test_videos\mohiqoogpb.mp4
mszblrdprw.mp4,real,DFDC,data/raw\DFDC\test_videos\mszblrdprw.mp4
mwnibuujwz.mp4,real,DFDC,data/raw\DFDC\test_videos\mwnibuujwz.mp4
mwwploizlj.mp4,real,DFDC,data/raw\DFDC\test_videos\mwwploizlj.mp4
mxahsihabr.mp4,real,DFDC,data/raw\DFDC\test_videos\mxahsihabr.mp4
mxlipjhmqk.mp4,real,DFDC,data/raw\DFDC\test_videos\mxlipjhmqk.mp4
ncmpqwmnzb.mp4,real,DFDC,data/raw\DFDC\test_videos\ncmpqwmnzb.mp4
ncoeewrdlo.mp4,real,DFDC,data/raw\DFDC\test_videos\ncoeewrdlo.mp4
ndikguxzek.mp4,real,DFDC,data/raw\DFDC\test_videos\ndikguxzek.mp4
nikynwcvuh.mp4,real,DFDC,data/raw\DFDC\test_videos\nikynwcvuh.mp4
njzshtfmcw.mp4,real,DFDC,data/raw\DFDC\test_videos\njzshtfmcw.mp4
nkhzxomani.mp4,real,DFDC,data/raw\DFDC\test_videos\nkhzxomani.mp4
novarhxpbj.mp4,real,DFDC,data/raw\DFDC\test_videos\novarhxpbj.mp4
nplviymzlg.mp4,real,DFDC,data/raw\DFDC\test_videos\nplviymzlg.mp4
nswtvttxre.mp4,real,DFDC,data/raw\DFDC\test_videos\nswtvttxre.mp4
nthpnwylxo.mp4,real,DFDC,data/raw\DFDC\test_videos\nthpnwylxo.mp4
nwvloufjty.mp4,real,DFDC,data/raw\DFDC\test_videos\nwvloufjty.mp4
nwvsbmyndn.mp4,real,DFDC,data/raw\DFDC\test_videos\nwvsbmyndn.mp4
nxgzmgzkfv.mp4,real,DFDC,data/raw\DFDC\test_videos\nxgzmgzkfv.mp4
nxnmkytwze.mp4,real,DFDC,data/raw\DFDC\test_videos\nxnmkytwze.mp4
nxzgekegsp.mp4,real,DFDC,data/raw\DFDC\test_videos\nxzgekegsp.mp4
nycmyuzpml.mp4,real,DFDC,data/raw\DFDC\test_videos\nycmyuzpml.mp4
nymodlmxni.mp4,real,DFDC,data/raw\DFDC\test_videos\nymodlmxni.mp4
oaguiggjyv.mp4,real,DFDC,data/raw\DFDC\test_videos\oaguiggjyv.mp4
ocgdbrgmtq.mp4,real,DFDC,data/raw\DFDC\test_videos\ocgdbrgmtq.mp4
oefukgnvel.mp4,real,DFDC,data/raw\DFDC\test_videos\oefukgnvel.mp4
oelqpetgwj.mp4,real,DFDC,data/raw\DFDC\test_videos\oelqpetgwj.mp4
ojsxxkalat.mp4,real,DFDC,data/raw\DFDC\test_videos\ojsxxkalat.mp4
okgelildpc.mp4,real,DFDC,data/raw\DFDC\test_videos\okgelildpc.mp4
omphqltjdd.mp4,real,DFDC,data/raw\DFDC\test_videos\omphqltjdd.mp4
ooafcxxfrs.mp4,real,DFDC,data/raw\DFDC\test_videos\ooafcxxfrs.mp4
oocincvedt.mp4,real,DFDC,data/raw\DFDC\test_videos\oocincvedt.mp4
oojxonbgow.mp4,real,DFDC,data/raw\DFDC\test_videos\oojxonbgow.mp4
opvqdabdap.mp4,real,DFDC,data/raw\DFDC\test_videos\opvqdabdap.mp4
orekjthsef.mp4,real,DFDC,data/raw\DFDC\test_videos\orekjthsef.mp4
orixbcfvdz.mp4,real,DFDC,data/raw\DFDC\test_videos\orixbcfvdz.mp4
ouaowjmigq.mp4,real,DFDC,data/raw\DFDC\test_videos\ouaowjmigq.mp4
owaogcehvc.mp4,real,DFDC,data/raw\DFDC\test_videos\owaogcehvc.mp4
oyqgwjdwaj.mp4,real,DFDC,data/raw\DFDC\test_videos\oyqgwjdwaj.mp4
oysopgovhu.mp4,real,DFDC,data/raw\DFDC\test_videos\oysopgovhu.mp4
papagllumt.mp4,real,DFDC,data/raw\DFDC\test_videos\papagllumt.mp4
pcoxcmtroa.mp4,real,DFDC,data/raw\DFDC\test_videos\pcoxcmtroa.mp4
pcyswtgick.mp4,real,DFDC,data/raw\DFDC\test_videos\pcyswtgick.mp4
pdswwyyntw.mp4,real,DFDC,data/raw\DFDC\test_videos\pdswwyyntw.mp4
pdufsewrec.mp4,real,DFDC,data/raw\DFDC\test_videos\pdufsewrec.mp4
petmyhjclt.mp4,real,DFDC,data/raw\DFDC\test_videos\petmyhjclt.mp4
phjvutxpoi.mp4,real,DFDC,data/raw\DFDC\test_videos\phjvutxpoi.mp4
pqdeutauqc.mp4,real,DFDC,data/raw\DFDC\test_videos\pqdeutauqc.mp4
pqthmvwonf.mp4,real,DFDC,data/raw\DFDC\test_videos\pqthmvwonf.mp4
prhmixykhr.mp4,real,DFDC,data/raw\DFDC\test_videos\prhmixykhr.mp4
prwsfljdjo.mp4,real,DFDC,data/raw\DFDC\test_videos\prwsfljdjo.mp4
psesikjaxx.mp4,real,DFDC,data/raw\DFDC\test_videos\psesikjaxx.mp4
ptbfnkajyi.mp4,real,DFDC,data/raw\DFDC\test_videos\ptbfnkajyi.mp4
ptbnewtvon.mp4,real,DFDC,data/raw\DFDC\test_videos\ptbnewtvon.mp4
pxcfrszlgi.mp4,real,DFDC,data/raw\DFDC\test_videos\pxcfrszlgi.mp4
pxjkzvqomp.mp4,real,DFDC,data/raw\DFDC\test_videos\pxjkzvqomp.mp4
qarqtkvgby.mp4,real,DFDC,data/raw\DFDC\test_videos\qarqtkvgby.mp4
qcbkztamqc.mp4,real,DFDC,data/raw\DFDC\test_videos\qcbkztamqc.mp4
qclpbcbgeq.mp4,real,DFDC,data/raw\DFDC\test_videos\qclpbcbgeq.mp4
qdqdsaiitt.mp4,real,DFDC,data/raw\DFDC\test_videos\qdqdsaiitt.mp4
qhkzlnzruj.mp4,real,DFDC,data/raw\DFDC\test_videos\qhkzlnzruj.mp4
qhsehzgxqj.mp4,real,DFDC,data/raw\DFDC\test_videos\qhsehzgxqj.mp4
qlqhjcshpk.mp4,real,DFDC,data/raw\DFDC\test_videos\qlqhjcshpk.mp4
qlvsqdroqo.mp4,real,DFDC,data/raw\DFDC\test_videos\qlvsqdroqo.mp4
qooxnxqqjb.mp4,real,DFDC,data/raw\DFDC\test_videos\qooxnxqqjb.mp4
qqnlrngaft.mp4,real,DFDC,data/raw\DFDC\test_videos\qqnlrngaft.mp4
qsjiypnjwi.mp4,real,DFDC,data/raw\DFDC\test_videos\qsjiypnjwi.mp4
qswlzfgcgj.mp4,real,DFDC,data/raw\DFDC\test_videos\qswlzfgcgj.mp4
qxyrtwozyw.mp4,real,DFDC,data/raw\DFDC\test_videos\qxyrtwozyw.mp4
qyyhuvqmyf.mp4,real,DFDC,data/raw\DFDC\test_videos\qyyhuvqmyf.mp4
rcecrgeotc.mp4,real,DFDC,data/raw\DFDC\test_videos\rcecrgeotc.mp4
rcjfxxhcal.mp4,real,DFDC,data/raw\DFDC\test_videos\rcjfxxhcal.mp4
rerpivllud.mp4,real,DFDC,data/raw\DFDC\test_videos\rerpivllud.mp4
rfjuhbnlro.mp4,real,DFDC,data/raw\DFDC\test_videos\rfjuhbnlro.mp4
rfwxcinshk.mp4,real,DFDC,data/raw\DFDC\test_videos\rfwxcinshk.mp4
rklawjhbpv.mp4,real,DFDC,data/raw\DFDC\test_videos\rklawjhbpv.mp4
rktrpsdlci.mp4,real,DFDC,data/raw\DFDC\test_videos\rktrpsdlci.mp4
rmlzgerevr.mp4,real,DFDC,data/raw\DFDC\test_videos\rmlzgerevr.mp4
rmufsuogzn.mp4,real,DFDC,data/raw\DFDC\test_videos\rmufsuogzn.mp4
rnfcjxynfa.mp4,real,DFDC,data/raw\DFDC\test_videos\rnfcjxynfa.mp4
rrrfjhugvb.mp4,real,DFDC,data/raw\DFDC\test_videos\rrrfjhugvb.mp4
rtpbawlmxr.mp4,real,DFDC,data/raw\DFDC\test_videos\rtpbawlmxr.mp4
ruhtnngrqv.mp4,real,DFDC,data/raw\DFDC\test_videos\ruhtnngrqv.mp4
rukyxomwcx.mp4,real,DFDC,data/raw\DFDC\test_videos\rukyxomwcx.mp4
rvvpazsffd.mp4,real,DFDC,data/raw\DFDC\test_videos\rvvpazsffd.mp4
rxdoimqble.mp4,real,DFDC,data/raw\DFDC\test_videos\rxdoimqble.mp4
ryxaqpfubf.mp4,real,DFDC,data/raw\DFDC\test_videos\ryxaqpfubf.mp4
scbdenmaed.mp4,real,DFDC,data/raw\DFDC\test_videos\scbdenmaed.mp4
scrbqgpvzz.mp4,real,DFDC,data/raw\DFDC\test_videos\scrbqgpvzz.mp4
sfsayjgzrh.mp4,real,DFDC,data/raw\DFDC\test_videos\sfsayjgzrh.mp4
shnsajrsow.mp4,real,DFDC,data/raw\DFDC\test_videos\shnsajrsow.mp4
siebfpwuhu.mp4,real,DFDC,data/raw\DFDC\test_videos\siebfpwuhu.mp4
sjinmmbipg.mp4,real,DFDC,data/raw\DFDC\test_videos\sjinmmbipg.mp4
sjkfxrlxxs.mp4,real,DFDC,data/raw\DFDC\test_videos\sjkfxrlxxs.mp4
sjwywglgym.mp4,real,DFDC,data/raw\DFDC\test_videos\sjwywglgym.mp4
sktpeppbkc.mp4,real,DFDC,data/raw\DFDC\test_videos\sktpeppbkc.mp4
sngjsueuhs.mp4,real,DFDC,data/raw\DFDC\test_videos\sngjsueuhs.mp4
snlyjbnpgw.mp4,real,DFDC,data/raw\DFDC\test_videos\snlyjbnpgw.mp4
sodvtfqbpf.mp4,real,DFDC,data/raw\DFDC\test_videos\sodvtfqbpf.mp4
sqixhnilfm.mp4,real,DFDC,data/raw\DFDC\test_videos\sqixhnilfm.mp4
srfefmyjvt.mp4,real,DFDC,data/raw\DFDC\test_videos\srfefmyjvt.mp4
sufvvwmbha.mp4,real,DFDC,data/raw\DFDC\test_videos\sufvvwmbha.mp4
swsaoktwgi.mp4,real,DFDC,data/raw\DFDC\test_videos\swsaoktwgi.mp4
sylnrepacf.mp4,real,DFDC,data/raw\DFDC\test_videos\sylnrepacf.mp4
syuxttuyhm.mp4,real,DFDC,data/raw\DFDC\test_videos\syuxttuyhm.mp4
syxobtuucp.mp4,real,DFDC,data/raw\DFDC\test_videos\syxobtuucp.mp4
sznkemeqro.mp4,real,DFDC,data/raw\DFDC\test_videos\sznkemeqro.mp4
tejfudfgpq.mp4,real,DFDC,data/raw\DFDC\test_videos\tejfudfgpq.mp4
temeqbmzxu.mp4,real,DFDC,data/raw\DFDC\test_videos\temeqbmzxu.mp4
temjefwaas.mp4,real,DFDC,data/raw\DFDC\test_videos\temjefwaas.mp4
tgawasvbbr.mp4,real,DFDC,data/raw\DFDC\test_videos\tgawasvbbr.mp4
tjuihawuqm.mp4,real,DFDC,data/raw\DFDC\test_videos\tjuihawuqm.mp4
tjywwgftmv.mp4,real,DFDC,data/raw\DFDC\test_videos\tjywwgftmv.mp4
toinozytsp.mp4,real,DFDC,data/raw\DFDC\test_videos\toinozytsp.mp4
tvhjcfnqtg.mp4,real,DFDC,data/raw\DFDC\test_videos\tvhjcfnqtg.mp4
txmnoyiyte.mp4,real,DFDC,data/raw\DFDC\test_videos\txmnoyiyte.mp4
txnmkabufs.mp4,real,DFDC,data/raw\DFDC\test_videos\txnmkabufs.mp4
tyjpjpglgx.mp4,real,DFDC,data/raw\DFDC\test_videos\tyjpjpglgx.mp4
tynfsthodx.mp4,real,DFDC,data/raw\DFDC\test_videos\tynfsthodx.mp4
ucthmsajay.mp4,real,DFDC,data/raw\DFDC\test_videos\ucthmsajay.mp4
udxqbhgvvx.mp4,real,DFDC,data/raw\DFDC\test_videos\udxqbhgvvx.mp4
uhakqelqri.mp4,real,DFDC,data/raw\DFDC\test_videos\uhakqelqri.mp4
uhrqlmlclw.mp4,real,DFDC,data/raw\DFDC\test_videos\uhrqlmlclw.mp4
uoccaiathd.mp4,real,DFDC,data/raw\DFDC\test_videos\uoccaiathd.mp4
upmgtackuf.mp4,real,DFDC,data/raw\DFDC\test_videos\upmgtackuf.mp4
uqvxjfpwdo.mp4,real,DFDC,data/raw\DFDC\test_videos\uqvxjfpwdo.mp4
usqqvxcjmg.mp4,real,DFDC,data/raw\DFDC\test_videos\usqqvxcjmg.mp4
uubgqnvfdl.mp4,real,DFDC,data/raw\DFDC\test_videos\uubgqnvfdl.mp4
uvrzaczrbx.mp4,real,DFDC,data/raw\DFDC\test_videos\uvrzaczrbx.mp4
uxuvkrjhws.mp4,real,DFDC,data/raw\DFDC\test_videos\uxuvkrjhws.mp4
vajkicalux.mp4,real,DFDC,data/raw\DFDC\test_videos\vajkicalux.mp4
vbcgoyxsvn.mp4,real,DFDC,data/raw\DFDC\test_videos\vbcgoyxsvn.mp4
vdtsbqidjb.mp4,real,DFDC,data/raw\DFDC\test_videos\vdtsbqidjb.mp4
vhbbwdflyh.mp4,real,DFDC,data/raw\DFDC\test_videos\vhbbwdflyh.mp4
viteugozpv.mp4,real,DFDC,data/raw\DFDC\test_videos\viteugozpv.mp4
vizerpsvbz.mp4,real,DFDC,data/raw\DFDC\test_videos\vizerpsvbz.mp4
vjljdfopjg.mp4,real,DFDC,data/raw\DFDC\test_videos\vjljdfopjg.mp4
vmxfwxgdei.mp4,real,DFDC,data/raw\DFDC\test_videos\vmxfwxgdei.mp4
vnlzxqwthl.mp4,real,DFDC,data/raw\DFDC\test_videos\vnlzxqwthl.mp4
voawxrmqyl.mp4,real,DFDC,data/raw\DFDC\test_videos\voawxrmqyl.mp4
vokrpfjpeb.mp4,real,DFDC,data/raw\DFDC\test_videos\vokrpfjpeb.mp4
vssmlqoiti.mp4,real,DFDC,data/raw\DFDC\test_videos\vssmlqoiti.mp4
vtunvalyji.mp4,real,DFDC,data/raw\DFDC\test_videos\vtunvalyji.mp4
vurjckblge.mp4,real,DFDC,data/raw\DFDC\test_videos\vurjckblge.mp4
vvfszaosiv.mp4,real,DFDC,data/raw\DFDC\test_videos\vvfszaosiv.mp4
vwxednhlwz.mp4,real,DFDC,data/raw\DFDC\test_videos\vwxednhlwz.mp4
wadvzjhwtw.mp4,real,DFDC,data/raw\DFDC\test_videos\wadvzjhwtw.mp4
waucvvmtkq.mp4,real,DFDC,data/raw\DFDC\test_videos\waucvvmtkq.mp4
wclvkepakb.mp4,real,DFDC,data/raw\DFDC\test_videos\wclvkepakb.mp4
wcqvzujamg.mp4,real,DFDC,data/raw\DFDC\test_videos\wcqvzujamg.mp4
wcssbghcpc.mp4,real,DFDC,data/raw\DFDC\test_videos\wcssbghcpc.mp4
wcvsqnplsk.mp4,real,DFDC,data/raw\DFDC\test_videos\wcvsqnplsk.mp4
wfzjxzhdkj.mp4,real,DFDC,data/raw\DFDC\test_videos\wfzjxzhdkj.mp4
wixbuuzygv.mp4,real,DFDC,data/raw\DFDC\test_videos\wixbuuzygv.mp4
wjhpisoeaj.mp4,real,DFDC,data/raw\DFDC\test_videos\wjhpisoeaj.mp4
wmoqzxddkb.mp4,real,DFDC,data/raw\DFDC\test_videos\wmoqzxddkb.mp4
wndursivcx.mp4,real,DFDC,data/raw\DFDC\test_videos\wndursivcx.mp4
wnlubukrki.mp4,real,DFDC,data/raw\DFDC\test_videos\wnlubukrki.mp4
wqysrieiqu.mp4,real,DFDC,data/raw\DFDC\test_videos\wqysrieiqu.mp4
wvgviwnwob.mp4,real,DFDC,data/raw\DFDC\test_videos\wvgviwnwob.mp4
wynotylpnm.mp4,real,DFDC,data/raw\DFDC\test_videos\wynotylpnm.mp4
xcruhaccxc.mp4,real,DFDC,data/raw\DFDC\test_videos\xcruhaccxc.mp4
xdezcezszc.mp4,real,DFDC,data/raw\DFDC\test_videos\xdezcezszc.mp4
xhtppuyqdr.mp4,real,DFDC,data/raw\DFDC\test_videos\xhtppuyqdr.mp4
xitgdpzbxv.mp4,real,DFDC,data/raw\DFDC\test_videos\xitgdpzbxv.mp4
xjvxtuakyd.mp4,real,DFDC,data/raw\DFDC\test_videos\xjvxtuakyd.mp4
xljemofssi.mp4,real,DFDC,data/raw\DFDC\test_videos\xljemofssi.mp4
xmkwsnuzyq.mp4,real,DFDC,data/raw\DFDC\test_videos\xmkwsnuzyq.mp4
xphdfgmfmz.mp4,real,DFDC,data/raw\DFDC\test_videos\xphdfgmfmz.mp4
xrtvqhdibb.mp4,real,DFDC,data/raw\DFDC\test_videos\xrtvqhdibb.mp4
xugmhbetrw.mp4,real,DFDC,data/raw\DFDC\test_videos\xugmhbetrw.mp4
xxzefxwyku.mp4,real,DFDC,data/raw\DFDC\test_videos\xxzefxwyku.mp4
yarpxfqejd.mp4,real,DFDC,data/raw\DFDC\test_videos\yarpxfqejd.mp4
yaxgpxhavq.mp4,real,DFDC,data/raw\DFDC\test_videos\yaxgpxhavq.mp4
ybbrkacebd.mp4,real,DFDC,data/raw\DFDC\test_videos\ybbrkacebd.mp4
yhjlnisfel.mp4,real,DFDC,data/raw\DFDC\test_videos\yhjlnisfel.mp4
yhylappzid.mp4,real,DFDC,data/raw\DFDC\test_videos\yhylappzid.mp4
yietrwuncf.mp4,real,DFDC,data/raw\DFDC\test_videos\yietrwuncf.mp4
yiykshcbaz.mp4,real,DFDC,data/raw\DFDC\test_videos\yiykshcbaz.mp4
yljecirelf.mp4,real,DFDC,data/raw\DFDC\test_videos\yljecirelf.mp4
yllztsrwjw.mp4,real,DFDC,data/raw\DFDC\test_videos\yllztsrwjw.mp4
ylxwcwhjjd.mp4,real,DFDC,data/raw\DFDC\test_videos\ylxwcwhjjd.mp4
yoyhmxtrys.mp4,real,DFDC,data/raw\DFDC\test_videos\yoyhmxtrys.mp4
ypbtpunjvm.mp4,real,DFDC,data/raw\DFDC\test_videos\ypbtpunjvm.mp4
yqhouqakbx.mp4,real,DFDC,data/raw\DFDC\test_videos\yqhouqakbx.mp4
yronlutbgm.mp4,real,DFDC,data/raw\DFDC\test_videos\yronlutbgm.mp4
ystdtnetgj.mp4,real,DFDC,data/raw\DFDC\test_videos\ystdtnetgj.mp4
ytddugrwph.mp4,real,DFDC,data/raw\DFDC\test_videos\ytddugrwph.mp4
ytopzxrswu.mp4,real,DFDC,data/raw\DFDC\test_videos\ytopzxrswu.mp4
ywauoonmlr.mp4,real,DFDC,data/raw\DFDC\test_videos\ywauoonmlr.mp4
ywxpquomgt.mp4,real,DFDC,data/raw\DFDC\test_videos\ywxpquomgt.mp4
yxadevzohx.mp4,real,DFDC,data/raw\DFDC\test_videos\yxadevzohx.mp4
yxirnfyijn.mp4,real,DFDC,data/raw\DFDC\test_videos\yxirnfyijn.mp4
yxvmusxvcz.mp4,real,DFDC,data/raw\DFDC\test_videos\yxvmusxvcz.mp4
yzuestxcbq.mp4,real,DFDC,data/raw\DFDC\test_videos\yzuestxcbq.mp4
zbgssotnjm.mp4,real,DFDC,data/raw\DFDC\test_videos\zbgssotnjm.mp4
zcxcmneefk.mp4,real,DFDC,data/raw\DFDC\test_videos\zcxcmneefk.mp4
zfobicuigx.mp4,real,DFDC,data/raw\DFDC\test_videos\zfobicuigx.mp4
zfrrixsimm.mp4,real,DFDC,data/raw\DFDC\test_videos\zfrrixsimm.mp4
zgbhzkditd.mp4,real,DFDC,data/raw\DFDC\test_videos\zgbhzkditd.mp4
zgjosltkie.mp4,real,DFDC,data/raw\DFDC\test_videos\zgjosltkie.mp4
ziipxxchai.mp4,real,DFDC,data/raw\DFDC\test_videos\ziipxxchai.mp4
zmxeiipnqb.mp4,real,DFDC,data/raw\DFDC\test_videos\zmxeiipnqb.mp4
ztyuiqrhdk.mp4,real,DFDC,data/raw\DFDC\test_videos\ztyuiqrhdk.mp4
ztyvglkcsf.mp4,real,DFDC,data/raw\DFDC\test_videos\ztyvglkcsf.mp4
zuwwbbusgl.mp4,real,DFDC,data/raw\DFDC\test_videos\zuwwbbusgl.mp4
zxacihctqp.mp4,real,DFDC,data/raw\DFDC\test_videos\zxacihctqp.mp4
zyufpqvpyu.mp4,real,DFDC,data/raw\DFDC\test_videos\zyufpqvpyu.mp4
zzmgnglanj.mp4,real,DFDC,data/raw\DFDC\test_videos\zzmgnglanj.mp4
